Distance_(inches),Gray_Value
0.0000000,0
0.0016667,0
0.0033333,0
0.0050000,0
0.0066667,0
0.0083333,0
0.0100000,0
0.0116667,0
0.0133333,0
0.0150000,0
0.0166667,0
0.0183333,0
0.0200000,0
0.0216667,0
0.0233333,0
0.0250000,0
0.0266667,0
0.0283333,0
0.0300000,0
0.0316667,0
0.0333333,0
0.0350000,0
0.0366667,0
0.0383333,0
0.0400000,0
0.0416667,0
0.0433333,0
0.0450000,0
0.0466667,0
0.0483333,0
0.0500000,0
0.0516667,2
0.0533333,3
0.0550000,2
0.0566667,3
