,Row,Column,Plane,Timepoint,Field,Object No,X,Y,Bounding Box,Position X [µm],Position Y [µm],coloc AR - Relative Spot  Intensity,coloc AR - Corrected Spot  Intensity,coloc AR - Uncorrected Spot  Peak Intensity,coloc AR - Spot Contrast,coloc AR - Spot Background Intensity,coloc AR - Spot Area [px²],coloc AR - Region Intensity,coloc AR - Spot To Region Intensity,coloc AR - Object No in Clustered Nuclei w/o Border Round Selected,coloc AR - Object No in Spots AR,predicted_clc,cluster_id,cluster_size,nucleus_id
3724,3,8,6,60,4,1,1344,1612,"[1340,1607,1350,1619]",39.37,566.97,0.0945604,64.6458,843,0.153215,619.0,96,619.145,1.10418,5,6,1,44,5,21
3727,3,8,6,61,4,2,1351,1608,"[1345,1601,1357,1618]",40.19,567.48,0.10694,76.853,904,0.169617,641.805,152,649.249,1.10691,6,7,1,44,5,21
3729,3,8,6,62,4,1,1348,1607,"[1343,1602,1352,1615]",39.66,567.72,0.0847131732323,67.5960090361,963,0.137394578035,730.34375,83,671.243113514,1.1887492668,6,4,1,44,5,21
3743,3,8,7,61,4,2,1351,1607,"[1347,1602,1357,1618]",40.28,567.36,0.110364,96.6293,1086,0.164661,778.921,129,757.029,1.15656,6,6,1,44,5,21
3745,3,8,7,62,4,1,1345,1605,"[1339,1600,1351,1614]",39.3,567.9,0.0928325,82.0551,1088,0.151414,801.85,137,775.735,1.13944,5,11,1,44,5,21
